{
    "sla": {
        "mean": -9.211453189816164e-18,
        "std": 0.10888318832692212
    },
    "thetao": {
        "mean": 28.479639502089544,
        "std": 2.7471561753536036
    },
    "u10": {
        "mean": 0.7345505356788635,
        "std": 3.3217904567718506
    },
    "v10": {
        "mean": -1.0294654369354248,
        "std": 3.3925397396087646
    },
    "bathy": {
        "mean": -91.76326174833432,
        "std": 280.3842363039873
    }
}